{
  "val_loss": 2.759987581420589,
  "global_step": 250,
  "epoch": 0,
  "timestamp": "2025-12-17T01:35:14.537532"
}